app_id,program_id,Deadline,deadlineDetails
1,7,11/1/2020,
2,8,10/15/2020,
3,3,02/01/2020,
4,4,08/01/2020,
5,1,10/26/2020,Decision Available Mid-December
6,2,11/1/2020,Fall Admission Mid-December Decision
7,5,08/01/2020,
8,6,12/1/2020,
9,9,12/15/2020,Round One: International and Domestic Applications
10,10,8/1/2020,Application Available
11,11,11/15/2020,
12,12,12/1/2020,
13,7,12/01/2020,
14,7,03/01/2020,
15,8,11/16/2020,
16,8,01/15/2021,
17,3,06/01/2021,
18,3,04/01/2021,
19,4,12/01/2020,
20,4,04/01/2020,
21,1,1/11/2020,Decision Available Mid February
22,1,3/3/2020,Decision Available Mid April
23,1,4/14/2020,Decision Available Mid May
24,1,6/22/2020,Rolling Admissions
25,2,1/15/2021,Fall Admission Mid-March Decision
26,2,3/15/2021,Fall Admission Early May Decision
27,2,7/1/2021,Fall rolling Admission Two weeks after application decision
28,5,11/15/2020,
29,5,05/01/2021,
30,6,2/15/2021,
31,6,5/6/2021,
32,9,3/15/21,Round Two: International and Domestic Applications
33,9,4/1/21,Round Three: International Applications
34,9,7/1/21,Round Three: Domestic Applications
35,10,11/1/20,Early Application Deadline (non-binding) - International and Domestic
36,10,3/1/21,Final Application Deadline - International 
37,10,6/15/2021,Final Application Deadline - Domestic
38,11,01/20/2021,
39,12,01/29/2021,
40,2,10/1/2020,Spring Admission Rolling Priority Decision two weeks after application
41,2,11/1/2020,Rolling Decision two weeks after application
